<?xml version="1.0" encoding="UTF-8"?>
<inputControl exportedWithPermissions="true">
    <folder>/z_controls</folder>
    <name>FromDate</name>
    <version>0</version>
    <label>FromDate</label>
    <description></description>
    <creationDate>2019-05-29T09:55:30.850Z</creationDate>
    <updateDate>2019-05-28T14:21:58.301Z</updateDate>
    <type>2</type>
    <mandatory>false</mandatory>
    <readOnly>false</readOnly>
    <visible>true</visible>
    <dataType>
        <localResource
            xmlns:xsi="http://www.w3.org/2001/XMLSchema-instance"
            exportedWithPermissions="false" xsi:type="dataType">
            <folder>/z_controls/FromDate_files</folder>
            <name>EndDate</name>
            <version>0</version>
            <label>EndDate</label>
            <description></description>
            <creationDate>2019-05-29T09:55:30.850Z</creationDate>
            <updateDate>2019-05-28T14:21:58.301Z</updateDate>
            <type>3</type>
            <strictMin>false</strictMin>
            <strictMax>false</strictMax>
        </localResource>
    </dataType>
</inputControl>
