<?xml version="1.0" encoding="UTF-8"?>
<folder exportedWithPermissions="true">
    <name>/</name>
    <label>root</label>
    <description>Root of the folder hierarchy</description>
    <creationDate>2019-05-21T15:12:29.514Z</creationDate>
    <updateDate>2016-06-30T02:00:38.799Z</updateDate>
    <folder>Datasources</folder>
    <folder>images</folder>
    <folder>Reports</folder>
    <folder>test1</folder>
    <folder>themes</folder>
    <permission>
        <permissionMask>1</permissionMask>
        <recipient recipientType="role">ROLE_ADMINISTRATOR</recipient>
    </permission>
    <permission>
        <permissionMask>2</permissionMask>
        <recipient recipientType="role">ROLE_USER</recipient>
    </permission>
</folder>
