<?xml version="1.0" encoding="UTF-8"?>
<jdbcDataSource exportedWithPermissions="true">
    <folder>/Datasources</folder>
    <name>gw_data_source</name>
    <version>1</version>
    <label>gw_data_source</label>
    <creationDate>2019-05-21T17:28:02.958Z</creationDate>
    <updateDate>2019-05-21T17:28:02.958Z</updateDate>
    <driver>org.postgresql.Driver</driver>
    <connectionUrl>jdbc:postgresql://172.16.10.10:5432/report_db</connectionUrl>
    <connectionUser>postgres</connectionUser>
    <connectionPassword>ENC&lt;B7C77EB9023F241CECD504AD17BE454D&gt;</connectionPassword>
    <timezone></timezone>
</jdbcDataSource>
